"";"weight_factor";"Poids";"s.area";"s.perimeter";"s.radius.mean";"s.radius.sd";"s.radius.min";"s.radius.max"
"1";"240-275";270;43532;2664;117,15543539084;44,7372812328461;22,6354906526645;200,026953443164
"2";"240-275";256;31602;2120;112,444703544026;29,4166729452145;38,8444694783088;169,417404536826
"3";"275+";279;31910;1560;93,829061043032;35,8053421330609;14,6577898797345;156,203978359837
"4";"275+";296;23130;1196;86,0282627763641;23,4846713327956;50,7853492095139;137,878501318264
"5";"210-240";212;28942;1138;93,4878985639201;33,0684300362954;29,198559975866;150,55443118105
"6";"150-210";202;29541;1580;99,6414321192969;44,9515206067942;14,6466906565255;181,795180278533
"7";"150-210";205;28513;1161;94,6897086134792;33,0688072421433;26,4111543428469;150,837031446637
"8";"240-275";258;40582;2862;116,627611624058;26,5783183611133;46,640988511473;175,662601779589
"9";"240-275";240;28450;1488;77,8566034246357;39,9224534790033;1,61685364115043;149,61949038768
"10";"210-240";215;33080;1400;106,656009849431;25,6574452483387;56,4009592931155;176,275250456408
"11";"210-240";226;31247;3691;94,820287420849;41,9930791048799;0,96792687283163;187,418747884344
"12";"210-240";224;25141;1539;96,8233035120845;31,2335879705966;30,3518680765137;161,278495512289
"13";"240-275";245;32494;2432;98,0862826969388;37,7412596378814;0,618064581130311;170,277949819159
"14";"240-275";245;28656;1121;101,247303920058;16,6260746728325;68,2732904764359;136,57032478125
"15";"240-275";255;41256;1821;105,593224175608;40,6075507286087;9,43200622421506;171,545024136343
"16";"150-210";185;27072;2545;101,396272183015;34,8195189312126;32,1529900711549;163,961236483324
"17";"150-210";200;22139;1636;85,4198496080721;23,9378672259208;29,4331729293532;137,402906128126
"18";"150-210";185;31474;1551;108,471957846982;32,1768701443117;43,7281748870441;191,385915090274
"19";"210-240";210;25873;1475;80,6244213094415;35,5603801991901;14,7923484961128;141,366663588098
"20";"150-210";200;23784;1489;64,4961625947492;37,8914822598701;2,73162554805696;135,46024966579
"21";"240-275";250;22591;1918;79,9802839973384;27,576688961872;14,1631342044649;147,497784579971
"22";"210-240";226;19026;1412;82,3417700943535;22,9453283410463;27,7830254790027;140,903287570268
"23";"210-240";211;30917;2717;81,6469292038796;37,9799840984476;9,21905434367543;169,92907378218
"24";"240-275";240;25870;1223;88,1345834925489;33,5702948088632;13,6160767948394;144,277091563073
"25";"210-240";225;21100;1379;70,369310085901;39,5196661154788;0,742955051836916;143,914244526777
"26";"210-240";230;34481;2040;104,270742256858;35,6919136017526;9,49032556426005;166,489873698137
"27";"150-210";205;23927;1558;85,5394318822951;28,0342285615893;41,8832468200312;143,433787140912
"28";"210-240";210;33242;1747;101,562731550239;32,3566703466936;27,1426446165381;163,766056693895
"29";"240-275";265;21715;1165;92,3851517642452;21,3758968779907;57,3257973414849;141,679253912967
"30";"240-275";245;25658;1052;97,08501638704;24,6508453125691;48,5673248004851;134,515317304784
"31";"210-240";225;24260;1303;89,9836858897512;25,2206256055329;38,4972692619934;140,64288250973
"32";"150-210";205;23291;1194;91,8807393855368;16,976062440414;52,9391356107404;129,182538656034
"33";"210-240";230;11668;1406;69,6477921099049;30,3186147011401;13,697792895901;139,892518992942
"34";"240-275";250;29464;3060;83,8903418371618;40,9400702012131;0,29697108938317;185,584695062662
"35";"150-210";160;32698;2183;75,9188388395594;40,7429521614616;3,46635280326654;161,868764897079
"36";"210-240";210;22915;806;91,5586215691119;24,9379693279118;45,1975248661399;135,356930506566
"37";"240-275";242;22440;2995;79,4156704768775;37,6391943909257;11,6720886671021;173,335943107745
"38";"210-240";230;22484;2533;85,239794621642;41,3838531321897;0,909346933871678;178,054006418337
"39";"150-210";200;30064;2431;101,14872562525;39,0366739892222;1,07997875195549;193,057748575387
"40";"210-240";235;22147;1244;94,4360957558389;25,7769800663469;51,1944834561868;150,975463471484
"41";"210-240";210;20200;1064;94,9656012219365;21,6029363658788;53,5899740521759;134,76619261631
"42";"150-210";200;5409;846;41,7166758500056;15,4945867137824;0,879689964636163;82,9228947791101
"43";"210-240";220;15701;1209;65,0228454637431;29,5441485821695;3,22456689721685;110,595867034923
"44";"275+";345;20106;2623;75,9456851393919;31,6597646648243;6,20109465543807;131,370387450253
"45";"275+";282;30614;1383;97,352550843738;23,0209837092957;46,0111626006062;146,543102958031
"46";"240-275";255;26949;2186;79,8427682786659;40,9859102832219;1,11043888913018;176,080350406108
"47";"210-240";225;26805;1456;76,4456473492764;34,1957901618531;8,50715292223489;135,023057462223
"48";"240-275";246;22840;1445;92,312206010761;29,5156633979553;39,6527734618636;170,301883050522
"49";"275+";315;29453;1756;88,1205006466691;26,9590837169912;11,9349499240922;136,823935300621
"50";"275+";285;33920;985;98,3920297701385;24,5304785762188;49,1538467137334;146,426881450177
"51";"275+";300;30036;1206;84,3846588221026;34,5559278548214;8,49608972183245;149,212158075928
"52";"240-275";255;32778;1881;116,047138608805;22,6165560784009;54,9501983957044;172,661475809652
"53";"275+";275;23368;1301;90,7015046638273;28,125909744449;33,831334356716;138,119481463548
"54";"210-240";216;29385;1718;78,5883471345111;42,6574074335452;5,26831286140011;146,836095490173
"55";"275+";302;27536;1452;79,6187991710727;40,396124416646;2,6248348202858;145,425044187176
"56";"240-275";273;23683;1120;89,0835756341801;32,207278611098;23,1891424620446;141,271277435029
"57";"240-275";240;22525;1126;88,1238887578057;21,8434913981728;48,2395445566488;131,597786009031
"58";"210-240";218;18690;1161;73,2923963628394;24,2645908202058;31,9714074028777;120,36900773498
"59";"150-210";205;24167;1409;87,1842426330805;30,1325385856754;24,3184686893063;138,891044344204
"60";"210-240";220;25483;1691;95,203180455097;24,7618217094209;35,5991663395075;151,444683784773
"61";"210-240";213;32963;1268;91,1480374186882;36,1154074210814;12,1083308163626;154,650597343672
"62";"210-240";220;24688;1263;76,2859718589876;35,4598267036087;8,72708627601633;140,194400857174
"63";"275+";288;27535;1967;71,4664265631909;36,5728412222142;0,528338847281299;140,647592706411
"64";"240-275";267;33569;1736;96,4104697662571;38,9424809428222;3,45975942163324;172,753366669435
"65";"275+";286;22746;2394;71,4673151676156;28,2018709696024;0,14327546270796;138,524949789405
"66";"275+";305;19600;2232;66,7766476317857;31,0911979047589;1,57315238409427;133,569816782748
"67";"210-240";216;27641;1536;95,1358737239916;39,2047777179973;11,6935099280959;186,234720143529
"68";"150-210";185;28291;2008;94,4772718188869;29,8196525499003;27,223917763534;148,019855945655
"69";"210-240";227;25420;1149;94,7509805738329;32,9141792301183;25,7069386166739;171,417958489965
"70";"150-210";200;30867;1877;110,576283187634;35,6738778690646;32,8666854319431;210,232348672694
"71";"150-210";202;29659;1525;91,935415393726;28,8130531589614;32,0440601402418;170,35823052704
"72";"210-240";236;25170;1999;74,6854412115684;41,8549848641902;1,01931839983771;138,922751037665
"73";"240-275";250;25234;2081;82,7261849598163;35,9154386832643;0,998893873275062;146,50394946048
"74";"275+";281;22081;1611;73,8581124037818;35,6288735663762;2,21981783723937;149,75679300517
"75";"275+";300;20758;2761;69,4644994971513;32,0556562649767;9,00509696428506;136,094518602769
"76";"210-240";210;32787;3661;86,4309762057866;39,5943931239413;8,59507587319108;169,981525725009
"77";"210-240";225;29920;3942;92,7373310054922;42,5279498229202;1,78707759828238;176,181850607492
"78";"240-275";272;24610;2257;80,8496639109728;23,9967496727261;21,1217547587225;131,889066177141
"79";"275+";279;25448;1643;69,4638513812878;42,2852172231848;0,691466355806287;143,054526037087
"80";"210-240";227;10204;888;52,5078624504837;19,821819296586;17,3662402982342;87,8344357521458
"81";"240-275";262;21141;1432;80,7282012397229;22,2921466045294;18,9227956083323;128,208812364581
"82";"210-240";239;13034;1853;93,473073488066;41,3864087830412;20,1605107304471;213,013663225403
"83";"275+";280;15645;2851;79,224334405311;30,2095442939588;8,41649643493005;140,1893961947
"84";"240-275";272;30560;1999;99,0363652512784;30,2751720854802;20,3684104172341;164,987046672271
"85";"150-210";205;21175;1809;81,2634753586683;32,7207409546923;1,30497143745645;165,984597108476
"86";"210-240";217;28974;1973;86,2649830935146;44,9612996797493;2,1899093504389;191,053551828985
"87";"150-210";195;9652;1840;56,074940087757;23,2201949801826;5,70185401749004;113,114540103008
"88";"210-240";223;21531;1519;81,9399436661947;32,4847381660038;6,99239163062218;136,203380844557
"89";"275+";287;26076;1305;87,2217337669699;25,1525063016581;22,878495716978;134,505623417844
"90";"240-275";271;19770;1655;69,1691005269198;32,251189168208;7,08406259334084;136,144370735656
"91";"275+";275;24098;1401;84,6030582449041;31,6709488893185;19,6964693629169;137,228985963053
"92";"240-275";263;28570;1428;80,9999181942848;38,2837595198048;7,99939115487159;156,056501676256
"93";"240-275";273;46802;1361;126,975633039385;27,3370773972991;66,4512820575855;179,40135961578
"94";"240-275";252;29589;2189;102,287078065577;27,4912923498313;40,0949940145907;153,147904136411
"95";"210-240";222;21629;1446;71,105616601484;38,0862673699975;2,89490919796064;139,589246777824
"96";"210-240";221;23291;1152;82,5113210515035;22,8818253797268;30,9678676492025;125,807434449835
"97";"240-275";252;23775;1030;79,8397089338708;22,3445342477969;34,4750922695238;123,39836801883
"98";"150-210";190;33338;3342;106,179354543669;32,0337571582327;21,3379312024618;179,271161425292
"99";"210-240";213;18739;1336;80,7689710758283;15,8904164958371;46,1820516769938;136,615606038491
"100";"240-275";257;28664;1015;94,7827338556204;17,6789997510807;51,6193115580769;128,583118450131
"101";"275+";295;27210;1257;90,9920203141403;15,4819399723469;50,3613241204115;133,281977628777
"102";"150-210";208;27075;1515;95,7706942529341;39,5763470559963;8,77483715538033;195,064120146232
"103";"210-240";238;23167;1334;73,0278430508834;33,8544491723203;7,28217349108308;129,392786967126
"104";"150-210";179;20025;1325;73,9890876677259;28,4146149401296;14,7694878533047;142,422193381774
"105";"150-210";195;26626;1149;101,38472726006;30,3675439572253;23,2981172627313;157,988059628357
"106";"150-210";181;18926;1082;74,5456440190379;21,410360301755;23,593719024567;113,552311878922
"107";"240-275";259;25357;1231;83,6026840688167;39,5440050863739;11,9103134756938;138,944393330303
"108";"275+";277;26012;1188;90,3933084604561;26,0120247015287;18,5586960277587;145,729631629779
"109";"240-275";271;20088;3069;66,8003837978717;35,0958386723726;1,38897399620181;164,433860805762
"110";"240-275";250;17531;1347;65,8442458585918;27,9335835337929;1,09869906028858;121,638730306278
"111";"150-210";205;27358;1503;95,9454339048942;33,7011354166005;34,8377657954385;179,612382784067
"112";"275+";315;32424;2248;95,5577450000844;42,2522144032969;3,97716450309068;172,566809098996
"113";"275+";291;25789;1444;90,2886569774216;26,8163553450664;24,2541103182829;137,085846024857
"114";"240-275";270;35615;1509;92,9055890104661;37,3857157852904;5,10041103557696;171,862915644741
"115";"210-240";230;17821;941;74,8584453964865;13,8197741088784;35,4383751185748;111,892699490969
"116";"240-275";246;17415;836;73,2642479135483;22,5750814032944;32,5597041998825;114,492140023049
"117";"275+";280;27992;2375;76,001997715188;34,9695035959806;1,03996633229117;139,764917868593
"118";"240-275";263;29769;1918;86,1050454663378;35,1367375961756;14,9535343180192;155,818764047426
"119";"210-240";236;24198;1420;79,1400733999229;22,1067704002542;19,9359726587898;124,264192286939
"120";"275+";300;27137;1687;86,1234991240108;32,628614553344;16,9935547825931;139,457508906252
"121";"210-240";235;30223;1374;88,9144800744349;36,0078574401591;10,2212184972697;144,092942482332
"122";"210-240";220;27655;1304;86,6957100376473;31,067043432362;14,5355563143036;141,369203585928
"123";"210-240";236;23911;1614;91,2975572946971;24,1416792266562;53,6286895930214;181,450951355215
"124";"240-275";247;23484;1605;91,4756782668498;26,9311418265003;36,1920697178653;171,414768674722
"125";"275+";300;30078;1851;86,372998673599;36,3826986361169;4,96710048696964;152,783666497803
"126";"275+";283;24813;2156;81,3207819764804;38,720446945419;3,16816622205929;143,085678190323
"127";"240-275";260;31902;2196;88,2190921169091;38,7120213995172;13,530063717943;180,078971649676
"128";"240-275";245;22135;1691;95,5276152437065;38,6430540841148;13,8306425122524;187,884707659988
"129";"150-210";201;15034;1611;69,4875203086063;35,6238851960604;2,10435043627203;134,994438528138
"130";"240-275";260;23171;1681;87,1402097803745;27,9342461535606;27,3666358987348;143,84960578337
"131";"275+";275;19633;1479;61,3488775995566;30,9473415224123;0,573108368207294;114,930074817499
"132";"275+";285;22831;1006;88,8719980332656;13,8573787738178;57,5369659480382;116,935750082363
"133";"210-240";212;26791;1409;81,1106067973065;36,865704178399;7,68816260098841;152,257961487642
"134";"275+";275;28006;1454;95,6789436648678;21,8188841966196;48,932259199061;137,646428596303
"135";"210-240";230;18456;1646;67,7777548085247;25,0926582621848;8,3636120969422;124,655583131483
"136";"210-240";217;24778;1864;97,2272124793519;30,5164821190492;16,2366404786193;173,049199621784
"137";"240-275";263;35599;1634;97,3795650694108;32,7821305524804;14,8108087851356;158,205114395473
"138";"240-275";257;28538;1091;92,2947088972027;32,9043019793241;29,1303848588658;150,288543253025
"139";"210-240";239;25090;1759;90,0754330435291;31,897898281239;22,8864046862006;143,321178982485
"140";"210-240";213;19639;1209;81,8088594678205;19,1561122122096;55,5356861691802;145,708837100454
"141";"210-240";234;21885;1661;87,1085179835127;30,4574322030624;31,6242327705187;173,708728742947
"142";"240-275";244;20125;1323;75,2787656816332;24,9052893053866;31,1705665855394;128,164719412716
"143";"275+";277;24373;1605;80,9835269198243;30,2084577754763;9,56426049687624;135,905007372826
"144";"210-240";211;22895;1172;85,3898555897695;33,5398815457178;30,5276481924494;159,293744482087
"145";"150-210";170;22475;1744;73,6490317775496;33,0586719945904;2,91418759196884;133,925932266152
"146";"210-240";222;27209;1414;89,5215941630062;32,2009815885032;21,1489812374268;160,581468794666
"147";"240-275";249;17181;978;76,8261650015953;26,5599983800796;20,468892711973;121,759645004724
"148";"275+";289;20877;1590;66,3736138139774;34,104637163088;0,699150456132398;126,255608780233
"149";"240-275";266;23633;1999;71,8012564116058;37,1209579120331;0,475781001059385;140,627991062634
"150";"275+";283;19377;1688;85,1097048395758;25,6826625954009;27,9876136831297;157,725625281332
"151";"240-275";244;18994;1204;71,658433058925;28,019514283967;26,6918065146623;126,118012985727
"152";"210-240";223;19773;1017;81,6303705521085;25,9166164891826;31,6349692370192;122,27924097417
"153";"150-210";205;23736;1488;96,1178658335443;26,3692773824594;34,6578942189963;149,662403275759
"154";"210-240";220;24632;1616;70,4914044613508;42,2724863854086;1,46050472095183;147,957093073876
"155";"275+";275;21354;1639;75,7383743953745;33,2926086798184;12,0968003166603;127,987058183017
"156";"210-240";220;25486;1223;94,1998985438119;35,6376551386199;15,1534997841297;162,875860617518
"157";"150-210";199;23521;2157;85,6876689768652;34,7660459747722;19,5251261407179;155,568345449029
"158";"210-240";219;20219;1101;76,3755963971806;19,1471443219875;32,7806101218399;115,318926750158
"159";"150-210";205;21279;1457;85,7999001740118;30,8981528714524;26,3586038027458;159,229815878964
"160";"150-210";172;23212;1651;84,6221595776474;34,7289109221373;10,8833137886958;152,949866100701
"161";"210-240";225;26128;1377;79,9630513068041;35,8587904952565;6,84082292057302;145,146119434076
"162";"240-275";249;23166;1028;84,3048056253901;24,7496819371464;25,8511768140222;123,925998049139
"163";"150-210";204;21160;2059;74,1814420769538;40,5569477312865;1,73161544010133;141,289528580141
"164";"240-275";245;20853;913;81,8493173518535;18,5516582323374;40,1033239891526;116,292185605379
"165";"275+";282;19745;1980;67,6704181022422;25,0869293685394;17,1974828977548;118,975109373103
"166";"210-240";239;23431;1725;91,5605610604637;23,341883623498;55,708499699726;156,459821613647
"167";"240-275";250;24740;1307;86,6068792596337;30,4116434968091;29,5419920675529;151,223538761595
"168";"275+";282;32694;1682;104,85487879883;41,8592088771649;26,9990646203213;212,648142448518
"169";"240-275";242;26509;1431;91,3847223652637;26,2278928581184;21,1593576085099;132,070751772691
"170";"150-210";202;31643;1313;101,861979859112;31,0811927249442;28,5971404482226;177,13863213525
"171";"150-210";200;20003;1739;69,2565862070837;32,0535295650092;14,7809543965748;154,98561922898
"172";"210-240";239;28502;1609;90,1341844652385;31,7126051700329;23,0588513662003;153,760949875131
"173";"240-275";268;25011;1216;89,2685931272315;19,2081189777442;47,6992479566726;132,474238430487
"174";"150-210";200;30321;1885;83,5792470933993;41,6455774067783;13,8193500534497;164,362838274535
"175";"150-210";180;27109;1270;86,675278690982;28,4888282854025;25,4526898318987;138,017088018235
"176";"210-240";232;27130;1388;77,9151613351031;40,6940739381448;0,643820578529897;163,42423120956
"177";"150-210";208;24834;1708;96,6740783438463;26,6963230080916;43,0740375182838;180,66718756124
"178";"210-240";229;24060;1492;84,2075369451327;35,2880580132115;30,5776795650009;175,008789085054
"179";"150-210";203;23746;1598;89,2500512270784;23,8120326644488;40,7295707619013;138,255280062326
"180";"240-275";246;27210;1609;80,2074837651035;35,2168984252895;2,76252421455875;143,59135777803
"181";"275+";283;28743;1413;86,8535024155411;32,8513806047647;0,435184318005201;164,631395952603
"182";"240-275";260;28885;1266;94,2577619486097;32,761158663643;32,7608969973977;145,384340786241
"183";"240-275";245;20851;1249;69,1507965139522;34,2571324534361;6,74709887687048;120,679546597397
"184";"240-275";241;27743;1183;83,0952885843576;31,6755013841227;29,8202922240913;149,859166196402
"185";"240-275";247;30421;1262;90,9196092384165;31,9991714390446;27,3254906178542;151,057705717133
"186";"210-240";235;13265;1236;79,4973539192128;35,0915780825724;2,45877140835282;138,67448762481
"187";"275+";279;28033;1451;88,1089099121442;30,0146734602257;23,4800533786113;147,946455537505
"188";"240-275";245;38771;1855;113,788714879694;34,4268914191625;32,1952850766303;173,771642739886
"189";"240-275";254;34377;1292;110,59064551651;19,0966585908751;68,2454228913356;149,900533500584
"190";"240-275";261;32585;1634;104,192450093492;20,557999781543;51,7171211266458;144,646806260369
"191";"240-275";260;37406;2449;114,136424482576;38,3158587858828;28,9577745517621;177,561076028688
"192";"240-275";269;25995;1973;70,4850164271018;36,7783939474034;4,14331859138061;141,113762984509
"193";"210-240";220;33292;2261;93,7596596269138;37,5426825769834;13,8010141887998;174,586403437053
"194";"240-275";244;26964;1213;98,0741808122163;21,5161474261784;43,6793021806257;132,890213678748
"195";"240-275";252;49439;1788;126,685413535961;24,2107617855601;87,8082785422903;189,155980755905
"196";"150-210";196;26593;1411;75,4002280841051;35,1428023853173;4,42404542264024;136,113561893772
"197";"210-240";216;21431;2448;85,7221692861715;27,8949916618347;16,5350775602015;151,16982658474
"198";"240-275";248;20989;1297;89,8205621475889;18,8560127892091;57,3672613159532;134,578672219283
"199";"210-240";227;29991;2299;97,3010924462027;31,0198303304426;18,3017582598706;160,33218434185
"200";"240-275";266;26553;1989;96,4521927750997;38,9792903760197;3,66463522340209;155,953155839431
"201";"210-240";229;29342;2139;95,3594696021022;33,0096401432511;23,9225357349002;186,745581760099
"202";"210-240";217;11634;1370;58,7055018476815;22,3907485424261;6,7415398485072;127,537566392341
"203";"240-275";257;31451;1160;98,9849357406827;28,4546332260886;37,2491837388321;148,579428309559
"204";"150-210";209;23904;1996;86,9739467488265;38,3137397719871;14,5264685429793;171,904151568269
"205";"150-210";196;26630;1215;91,7034927306486;37,3897868744879;6,43127703678412;144,249506661411
"206";"150-210";201;13703;1393;63,9819497417146;35,1782298121859;2,47014340518315;144,406204367051
"207";"210-240";227;12319;1193;64,7349022100113;18,8899899099156;25,8982620927998;113,151453427645
"208";"275+";299;46509;2760;127,179505164892;51,5665993074341;49,4673427377298;259,220714579482
"209";"240-275";261;26857;1388;102,336720399108;33,7077883843996;20,8406911254175;155,141480833377
"210";"210-240";222;30481;1571;106,972032033141;41,7258471591983;27,2148799405652;195,653797414122
"211";"240-275";262;29828;1749;87,5851453931744;44,2372624211491;1,55519803315017;168,720856413125
"212";"275+";311;34541;1179;107,884943803157;24,5451302033854;53,07236322552;151,215184331595
"213";"150-210";189;16949;1021;74,6536767395639;21,7592959108695;22,730831041918;119,779842871039
"214";"210-240";210;25550;1606;89,2809011188514;24,3526121493453;32,8369475417308;144,222862232754
"215";"150-210";194;28704;1348;83,488478043013;37,0145383467875;15,7056351712833;145,481567769608
"216";"240-275";252;14411;1790;79,0888713770311;25,5041506153848;15,8223521087689;133,185418739445
"217";"275+";275;44194;1678;124,635004780999;35,0723963759459;56,3917818527496;188,559572657404
"218";"210-240";232;31026;1289;112,441951881028;33,3431506978389;41,8264899024792;198,48674181735
"219";"210-240";230;14448;975;80,1031610619916;30,9092179297881;19,5849298153232;131,136152534349
"220";"210-240";219;27489;1328;96,8936327959206;19,4847762802172;48,9483201902711;136,16883492072
"221";"210-240";229;20809;1699;72,7103891125481;32,9196065522653;12,0367911189211;142,024949300823
"222";"210-240";216;31789;2186;88,8355563192013;41,2491445711058;0,990089099166644;158,705050885908
"223";"210-240";239;19211;991;77,4878032557042;15,1341041645747;44,2428606793371;112,586904855341
"224";"210-240";232;25163;1371;91,2433838270039;17,1392027329451;56,9061366848995;138,252414020446
"225";"210-240";236;25551;1196;84,7330727278994;22,8087250907576;24,0924893791605;126,967156173658
"226";"150-210";194;38550;1274;115,626785587765;22,2073992959063;70,783992770504;175,742452865792
"227";"240-275";244;22118;2093;84,2093375060516;30,8944716037093;25,0190551235503;155,22114193715
"228";"240-275";261;34035;1962;100,647742702494;41,8015847012318;4,83213384425138;161,883885334348
"229";"240-275";245;37141;2517;86,946981364038;41,0659175587651;8,25725948625976;199,288336474874
"230";"150-210";207;31235;1359;104,848284985432;38,8194308083153;9,72415925284091;185,148789782152
"231";"240-275";246;27288;1671;104,614770839352;22,550066410143;56,4012941921854;145,394082822812
"232";"150-210";185;23225;1295;87,9073729836076;19,8566462764711;46,1927684008708;136,029986329198
"233";"240-275";261;29984;1539;95,1608308064017;37,2773706220532;16,8668990129951;152,099206755229
"234";"210-240";214;27034;1718;83,7245813575101;29,3586056118058;6,74982351008581;147,739727017831
"235";"150-210";205;38732;2705;107,534932340086;40,7654441157621;4,55009880413354;189,347563232986
"236";"150-210";197;30509;1441;101,238969022716;21,9530289844456;47,6791344422205;156,46019485656
"237";"210-240";229;25962;1376;99,4533805577832;40,9196979955949;8,37663964908405;160,745323665053
"238";"150-210";199;24187;5048;87,350735439256;34,9570279246155;10,5520569691737;180,98705755648
"239";"150-210";203;16168;1101;77,6404560434879;21,1734156422818;29,7517477027099;132,243010103207
"240";"150-210";189;33595;1899;108,779376044291;33,3921644212971;32,3909709591141;178,822122256477
"241";"240-275";245;8283;726;53,4984560488508;20,4756754335613;21,2979826436441;114,618786957646
"242";"210-240";217;34387;1711;105,999488356061;28,8582343112334;46,7300574939254;169,346555447871
"243";"210-240";213;37165;1570;125,608524200215;36,3444749597315;29,3087792263329;182,383066329325
"244";"210-240";224;25918;1392;92,1463037875781;23,8945981905683;52,8774184987591;158,021331517865
"245";"240-275";251;26798;3218;77,0622460840333;38,7649929041724;2,27226307410233;169,187982351419
"246";"210-240";226;35014;3730;113,56093990048;28,3443446829993;47,4666334881433;184,208882505414
"247";"240-275";258;26041;1777;86,7843644094014;25,8096968549721;11,8117117652835;140,62513754363
"248";"210-240";228;35502;1786;111,680815069211;29,28746328722;48,683514751356;187,814889912443
"249";"150-210";200;43997;1310;128,178564665444;16,2823939517882;99,8103406115898;170,073841982209
"250";"240-275";255;35398;1108;117,061806456005;17,819259786412;82,6456282491319;151,999763248297
"251";"210-240";211;34926;1004;112,349389196657;19,0092676675627;66,5974672885063;149,617864968625
"252";"210-240";210;36795;1126;116,38511840875;20,5251597458681;67,0553111093536;161,27955553065
"253";"240-275";256;18844;1036;73,1068841662625;26,3300058263878;18,6294747879833;122,194830643098
"254";"240-275";246;37915;1243;114,765495300395;21,2163639333847;67,4376832120819;166,511286266429
"255";"240-275";268;28958;1586;99,0986318219076;22,8278896527553;51,7043742816542;149,525759186625
"256";"210-240";222;44033;1549;125,102486164397;24,759601937581;76,2021379778087;180,797245051429
"257";"240-275";261;36601;1198;116,143713427776;17,978237688959;66,5564587635433;154,006778246005
"258";"210-240";229;40824;1429;119,117476452706;28,3411248359977;51,5419878918984;186,402169939397
"259";"210-240";238;31029;1370;99,1966804499091;40,4631372511445;8,51056718729326;160,911824162519
"260";"240-275";242;24219;1608;80,0381605416744;24,18006516165;26,8624586364125;127,861183442265
"261";"240-275";251;35431;910;113,834925578639;13,9846556195077;86,9623741069943;144,1399564236
"262";"150-210";206;45407;1158;130,534373045244;20,6691398188929;88,9902977511256;176,964703414143
"263";"210-240";224;46591;1270;125,678760443536;27,1954057759411;77,2985725241976;195,237674717866
"264";"210-240";213;31437;1600;116,204935496637;28,6039917418221;61,9881006537243;184,5546148777
"265";"210-240";225;36757;1149;118,255192877;15,7217453589827;86,8651904955566;164,892712320995
"266";"240-275";240;24346;1374;81,6217279733873;26,084407297676;25,5279362672855;143,112317782064
"267";"210-240";226;44623;1344;129,18107726014;22,059811956222;80,147971326161;173,809379159727
"268";"240-275";257;45273;1592;119,603797637173;35,6063044073;38,0708007293737;188,526587141258
"269";"210-240";222;29798;1642;109,253387665991;21,4790063698429;60,6362981465129;159,297710758544
"270";"210-240";224;42508;1181;120,005178420926;21,6920634398501;87,1038428798367;179,274539637206
"271";"240-275";250;29512;1292;110,92395218155;16,8194255582924;71,9157466983916;148,347382284345
"272";"210-240";222;48035;1155;129,45916901407;25,5722970795283;72,6193852883421;176,017389595469
"273";"210-240";225;40038;1020;120,180410117837;16,8207982458547;85,1998996920511;161,536754045436
"274";"210-240";239;24333;996;86,6523320316216;17,0117392235581;39,2047604086259;127,300971461664
"275";"150-210";208;54070;1180;137,465995870888;24,9002014235683;97,6558916227265;194,909771256706
"276";"210-240";235;33377;1647;110,901346620596;19,5465821403256;55,3860030117346;161,146136948664
"277";"210-240";231;21409;1600;92,8248408269852;19,1513315070189;48,1650786561501;148,976335543445
"278";"210-240";229;34734;1440;107,33753119973;25,1443275984087;60,0137064623471;167,112471996204
"279";"210-240";210;37171;2084;109,300330927941;38,0114488370107;24,7494886013334;193,811612698356
"280";"210-240";212;21336;1399;81,8122101410466;28,7852961488338;29,169459135914;155,557457345197
"281";"210-240";231;20625;1062;87,7891824874474;23,7751097183787;28,8572435889581;143,557682846174
"282";"150-210";183;35002;3450;112,522026271676;38,3186112352894;48,4704028821255;225,314579988858
"283";"240-275";241;32102;2277;99,1351098299005;42,6386230142856;22,1495784515384;204,340449457561
"284";"240-275";251;37425;2077;100,282080937631;40,3057741150989;20,4004291875099;197,185493311423
"285";"210-240";220;22256;1291;96,5784813372856;23,5796721289592;62,4484012709352;158,311871561236
"286";"150-210";164;20135;1029;83,32428223531;20,2963011426821;54,7180843625758;149,721519111244
"287";"210-240";224;11033;1989;60,8490810365555;27,7192855276879;0,360685947222208;113,837848210082
"288";"150-210";208;16441;1371;66,2162811161508;26,6401654854229;6,33080943423835;116,056616481162
"289";"150-210";176;15319;942;71,2572125687392;21,5311050683392;30,2703940399489;122,387257116002
"290";"150-210";174;15552;3290;80,2479713474828;32,5213227450816;7,70798181836671;149,320388203542
"291";"150-210";180;23681;2587;93,9968963322722;32,66821753451;18,5900569069872;163,018240124154
"292";"150-210";186;19113;855;75,7644251931476;14,9206756570928;37,8344986711331;109,867885269867
"293";"150-210";160;19670;1527;82,375111489524;28,5941359812821;11,9414072295609;138,880675874332
"294";"150-210";162;13695;1446;60,666524528266;28,0330258244449;8,32780154774101;130,563242533067
"295";"150-210";170;19471;1072;85,1663127326818;28,2157443553428;31,3047737005196;154,846264798711
"296";"150-210";154;42854;1555;132,56758613268;20,6702462048863;89,5913793681046;183,286333939135
"297";"150-210";199;26662;3610;78,9568934325736;36,2868147779677;1,40473579849624;166,726685587808
"298";"210-240";211;26693;2713;99,0689239610661;24,4612954391874;33,3372059146664;152,331292487286
"299";"240-275";247;20246;1656;61,2207148612695;39,8787063772026;1,27959621139308;143,855510488355
"300";"210-240";218;18091;1200;78,7516916790292;31,0290349587108;24,8142777560734;142,244900484653
"301";"210-240";237;11800;1476;62,7098609203761;25,9771975937997;2,86508010727835;116,357086404954
"302";"150-210";197;27095;2161;76,622967876334;43,188870838776;1,43288183873813;147,521753245661
"303";"210-240";218;32370;2073;112,393325214173;26,608849870583;51,3788127262473;172,866019894618
"304";"150-210";173;25880;1939;104,434233089768;19,1958196736046;35,6191984597342;146,130150034639
"305";"275+";300;28523;1428;93,1583017765859;32,6790346356204;21,2968092074207;151,2560372888
"306";"210-240";230;37270;1058;115,585111112298;20,8958283797538;77,4078959945672;163,048270478325
"307";"210-240";221;29257;1644;89,9765437129417;40,5344765756691;5,67908438530075;154,249068437416
"308";"275+";285;30622;1205;105,764810328224;18,3620733904279;60,192789743642;146,348581157563
"309";"240-275";264;41633;1210;125,306023453817;30,2392446065162;77,9025677331766;197,625834318291
"310";"150-210";204;39028;2339;104,906039405508;38,5919766919896;23,8691301396503;187,737036760844
"311";"240-275";246;39946;1115;121,424161304287;17,5281586082668;85,4973234243916;165,736033111329
"312";"210-240";224;35471;1147;117,212513465856;13,8627013376538;85,0301698949398;148,854243353905
"313";"150-210";181;13200;1800;61,4720212751364;34,5617277451793;5,58711991553945;148,008503201883
"314";"150-210";176;41932;4091;95,9203665770135;45,7833984012845;2,40526816993809;200,327866631168
"315";"150-210";202;24087;1153;84,8383996277413;33,3290852612817;26,7715202192239;148,31242247066
"316";"240-275";260;22024;1621;77,8702343641204;30,2480874117134;7,11267251410078;128,144853090986
"317";"150-210";191;39896;1934;104,044726145282;32,8532388684015;14,3093604253302;167,432027259867
"318";"150-210";191;14942;1035;80,2943492326621;17,9206350200586;42,4817290995598;110,471946350541
"319";"150-210";182;32331;1490;90,430314786531;40,9549774878674;14,2265584890708;171,338819126307
"320";"150-210";161;31275;1400;89,9032789819806;35,0781826086372;17,2599690950843;149,604829817061
"321";"210-240";227;31084;1329;89,8767034811103;37,2076894037138;12,1090493241154;150,194160873217
"322";"210-240";215;34370;2424;78,151120026044;43,5304644218091;0,498628768680662;175,329537301765
"323";"150-210";179;39759;1384;111,278677854106;36,3887932500748;24,4343024406017;169,310077041451
"324";"150-210";178;25125;2559;76,753928893664;38,5321527295552;1,57244768924003;174,024499766702
"325";"240-275";252;37532;2456;99,1033983952655;40,0700796888285;0,214522071223707;161,226863128673
"326";"240-275";260;22507;1202;83,6943448906215;24,0324382750515;27,4981870488533;134,200965134583
"327";"210-240";230;38969;1715;112,289707020871;35,404664580184;40,8793816361817;171,034316013002
"328";"240-275";244;20635;2352;83,4302809643286;41,5659378656825;2,92448443183771;160,221970466214
"329";"210-240";224;28066;1859;86,0432436010106;29,7962116494194;14,9692138373023;136,277096081588
"330";"240-275";251;34556;1309;111,534432183806;34,9341774047481;36,2583238315047;179,31720692526
"331";"150-210";198;16704;1753;68,1352042012058;39,7962340939951;0,467748667323433;158,072501971461
"332";"210-240";231;22221;1832;90,9795497017485;24,6573638804243;25,3065727382854;158,28142645302
"333";"150-210";150;38926;1606;111,064491928389;37,1536906414424;11,887306521629;175,905918365799
"334";"150-210";207;29070;1850;74,1544837686213;43,5879113253618;6,89590823087917;165,75095298427
"335";"150-210";155;25891;1187;104,778794813659;29,0671428270213;44,716931168056;171,219979181505
"336";"210-240";222;39087;1688;122,707404481826;25,4236633892689;67,5177395512666;181,246988894979
"337";"275+";816;24181;2674;89,9894376662173;42,110418869725;1,71818957409523;190,135441743054
"338";"275+";606;34639;1762;87,6994732576332;41,1746776745915;3,37841515757024;162,632230178511
"339";"275+";383;29727;1675;79,4719103827843;37,5749601302476;1,10787344034096;145,96755490537
"340";"275+";375;8963;1147;58,7693746394771;32,359255418335;2,01648711445771;109,470573270114
"341";"275+";430;39383;2423;122,687727229488;42,9384413852101;12,537203161154;191,562725040356
"342";"275+";340;24211;1943;96,6621332792389;31,9823979067498;25,3708835945926;161,084667178286
"343";"275+";315;36936;2347;93,7001211569303;44,0826514556389;13,5132806862529;187,442461840865
"344";"275+";322;39547;2591;117,998440392258;46,1040865277129;5,29690717962237;201,916410162861
"345";"240-275";243;21330;2171;67,2699714994636;33,5325134776651;5,42249612245046;144,405364242168
"346";"275+";280;12967;2442;73,2137496229426;28,3631629478706;4,62746133178415;134,143534795575
"347";"275+";457;16345;2110;89,2599610225894;43,7806208066351;7,97023568682156;169,664808978523
"348";"275+";415;13291;1291;69,2265150057261;18,1143799664289;25,5342677124307;104,244095830167
"349";"275+";278;21781;1259;85,3717424467063;21,0764297932104;27,8275948719002;128,367600284635
"350";"275+";438;25643;1822;76,171281488389;35,4046568550534;4,3684506690172;159,815041084551
"351";"275+";355;26439;1825;72,0058230874405;40,5781942856423;0,427257441126899;156,684260037317
"352";"240-275";247;24869;1434;80,58263450812;27,8861654752743;11,9976559202484;130,37825919238
"353";"275+";330;28962;2010;90,5309097955745;32,7207206056384;4,12495845978995;172,291544993725
"354";"275+";545;25017;1313;81,625550752869;32,2051399662727;18,2647499214954;138,145221531969
"355";"275+";378;18034;1430;70,5550332410015;24,3502991802928;28,0391435467412;130,989827198817
"356";"275+";407;27196;2336;80,8841293514695;35,9698256800569;1,38202601365979;148,594698125374
"357";"275+";487;25679;1454;84,6180568900788;30,7869574106009;14,1246893319968;137,784506104471
"358";"275+";280;21458;954;88,0631221050628;22,0212995025478;37,9193152607981;140,087095715453
"359";"275+";297;11301;1805;57,3780871710551;27,3007814036381;2,57201188284537;109,629715519579
"360";"275+";297;13695;890;62,8235296893145;20,1184352875949;14,1977955350752;105,234237840097
"361";"275+";276;13967;1518;64,4728894903426;28,7264469425234;1,76526469582549;135,960546886382
"362";"275+";546;21704;1421;83,932790859849;24,7021372710366;32,5533758360237;139,789923206883
"363";"275+";477;26839;1094;90,3818855381817;20,0094537135781;41,4095538961206;125,076538769607
"364";"275+";293;31888;1664;89,2020464200491;34,4379753456727;29,0534421254259;173,111903418294
"365";"275+";389;27989;1400;81,3351535624621;32,092587366061;23,1643982310822;143,218671676694
"366";"275+";380;33838;3200;102,606211696344;47,3377453291598;0,638896295624358;207,02849909729
"367";"275+";365;26412;1317;78,1151262865548;33,9593434301914;10,9210767572466;143,966427267804
"368";"275+";434;45085;2456;112,984688735969;28,7011753131805;62,9659397508075;183,859558954288
"369";"275+";390;26367;2891;78,7958892584824;37,1017503541027;4,11777758263189;157,535283790932
"370";"275+";390;22231;1015;84,259785902672;13,910220476999;54,0549087703727;127,833686439742
"371";"275+";511;25599;987;92,1528102454551;23,8895910303614;32,4571433309125;136,595347095861
"372";"275+";420;21618;2354;75,0669407871187;27,0580053191517;22,2357257600014;156,237040699861
"373";"275+";477;31904;2035;86,5936992864918;39,9956297905434;3,88852735341249;157,793504088247
"374";"275+";414;30659;1560;85,9801116141125;33,596635602938;21,0010059811175;172,237235605841
"375";"275+";440;26533;1104;88,1072152544591;23,8134175128757;35,6268389072038;142,360724915076
"376";"275+";466;30122;1005;90,6479898784111;26,2667240330371;40,9181946328716;143,701785408622
"377";"275+";421;38873;2192;101,486684296134;40,3836998968346;7,19106576216952;195,793530280723
"378";"275+";440;24006;1533;86,952385120537;31,7980455656049;14,9139747121423;170,111618783777
"379";"275+";378;34416;2130;85,7719575639763;43,1961543254458;6,17515677697471;204,633509978915
"380";"275+";497;29278;1616;92,7794291428012;20,054104011559;51,3336052633986;147,235491711195
"381";"275+";419;43511;1800;140,91776623997;43,4975922837164;37,6171409084138;225,440616376787
"382";"275+";444;16679;1260;73,9685344182741;20,7775813234436;36,6019506620215;126,560317253775
"383";"275+";444;27710;2042;78,4920540427227;39,6165442880748;4,33585546549508;196,68819553694
"384";"275+";459;8808;1404;52,8072372236763;20,0915371268201;11,7086567035163;100,54481952328
"385";"275+";440;41051;2240;94,2868885256282;44,3762690054984;2,74738990814882;203,36712476952
"386";"275+";424;27430;1788;78,9372873862774;38,2429855698876;0,943345366214498;177,794009491306
"387";"275+";412;25618;974;93,8751186840095;16,8045620493456;63,7637048758417;133,125024213383
"388";"275+";376;42025;2020;101,989492315726;41,6537390104582;16,9225691020954;206,655465124461
"389";"240-275";254;15015;922;69,2866741153342;19,0761962478773;35,7027070748792;106,975284491516
"390";"210-240";226;20852;1411;85,1772189021481;19,3758972496164;35,8748213058619;133,690294849575
"391";"275+";381;20287;1556;83,3105630829105;29,8772514752351;19,780772784124;143,990279414159
"392";"150-210";195;26599;2074;101,671575739706;23,7679914764498;59,2283657078667;163,139202821667
"393";"240-275";272;18939;2231;80,3993872489892;32,617273813683;14,3580544310612;153,605496556621
"394";"275+";310;27365;1862;85,8311611984488;38,9596987975373;16,8836619486967;156,877400653001
"395";"275+";423;37167;2574;87,8568721006791;41,2829238365663;1,1344086943576;162,667772977942
"396";"275+";289;16012;1849;74,104510430224;26,1164903083877;19,5713794619852;139,712431450967
"397";"210-240";230;39653;3545;112,728840130246;51,207480926663;1,87025281497878;217,091058652496
"398";"150-210";206;29990;2272;87,3181715684175;41,6060748544299;6,47048188125904;193,804270150927
"399";"150-210";192;17111;1775;73,2963159503321;21,9911813371504;22,1089169497005;115,930232711645
"400";"210-240";234;21268;1754;86,2110034785238;21,4155080468625;41,0117569471207;138,65164181096
"401";"150-210";188;21217;1978;80,6982194568282;37,0126608742489;0,468791530811416;137,424465319795
"402";"210-240";216;29493;3651;98,4287986033177;25,6909658241984;36,6108519555453;170,490272310658
"403";"150-210";187;24239;2424;76,7573999937128;41,9364225060381;0,474404684701395;147,745906703345
"404";"275+";276;30802;1566;91,5917915547848;31,7280615679997;11,419852761562;145,678118420444
"405";"240-275";258;23583;1615;72,3837564826139;34,6721600676688;0,2831475430363;143,493302458859
"406";"275+";382;34773;2278;116,744740090188;25,5489168552863;42,7726977313728;185,163896935356
"407";"240-275";254;29981;1671;106,355080270628;24,814350933267;37,3280522935481;163,427965981744
"408";"240-275";250;25330;1567;88,6790266447234;23,6355820367807;38,0927506336651;132,181343928509
"409";"150-210";200;30143;2242;93,5941294062715;42,214268069053;6,86134162930466;166,741616520243
"410";"210-240";211;19431;1339;79,5244738780592;20,6156027692466;42,8763337465922;134,061088741638
"411";"210-240";230;36976;2818;102,581947724739;44,0349571677115;2,76978865911578;196,776354313926
"412";"275+";283;30211;2182;82,2822911382175;39,3481473985787;8,44283178499645;177,067874262929
"413";"210-240";220;28902;1428;88,6185268471538;27,1371715537484;25,3831165993899;144,036327614682
"414";"150-210";202;32382;2299;90,6127332571358;39,2836506500169;5,04860275837397;161,056830519182
"415";"240-275";243;21606;898;79,7746042328699;25,210770676988;24,6450468941932;123,167664828708
"416";"210-240";229;37273;2855;85,4847303325889;53,243333571281;3,12238545304709;223,754439320846
"417";"210-240";222;22035;1277;73,7966959130147;28,9722115860528;6,21458285309012;130,913150561433
"418";"210-240";219;20015;1421;73,7836415357736;30,6015035134008;5,77803607334099;133,709767620105
"419";"240-275";245;19314;2097;57,9758200332564;31,9987396611353;1,20219625815245;128,123202256028
"420";"210-240";234;28136;2103;96,6811389516487;27,654152583044;32,7763568995712;150,963182710364
"421";"275+";280;29438;1582;76,2546882019625;40,1561335299812;2,84294022378016;154,918171404261
"422";"210-240";226;25612;1600;82,9068083767089;36,1006239312448;13,5912132115753;151,041165172156
"423";"210-240";233;30213;2116;69,3135462917632;41,6727846625595;0,507947634101599;154,739023465963
"424";"210-240";223;19209;1104;67,5649473297948;34,6280951163784;2,22870451869534;128,006417215971
"425";"240-275";270;20256;1224;75,1690068072;24,8127709919016;5,05144264151113;119,322422880916
"426";"150-210";195;22871;1417;73,6763813857447;35,2090450660428;0,694518069833032;136,46848276158
"427";"210-240";235;21925;1211;76,2031498058341;30,3525123558827;17,7036527769346;129,404326057539
"428";"210-240";210;17496;1426;81,7511606596727;22,8723977509401;31,3017845007117;128,5462715481
"429";"150-210";183;23883;1313;83,7619148992984;24,8341413303787;32,2690970197046;133,620154357967
"430";"240-275";243;37644;1418;101,607823832206;39,8216932275682;22,9564733523253;164,40909606116
"431";"150-210";203;31628;1673;73,2650310116547;39,114135854081;5,43277686935289;153,4943622698
"432";"240-275";263;22691;2442;79,5461768241365;37,074387022413;5,76931663760883;172,35379684826
"433";"150-210";199;25326;1527;86,9058064899762;29,5230570129877;19,9269070672309;145,265131769612
"434";"275+";280;23554;1567;69,4443887304337;36,4795286275492;2,93533752487857;136,515943409482
"435";"240-275";257;25233;1548;96,2053685154364;31,927726054543;37,7999301096765;180,357017711381
"436";"240-275";273;29697;1606;89,1087246063872;41,7071981445411;2,96771587616702;160,719933428566
"437";"275+";315;17147;1214;68,011054915387;24,0715582462587;23,7705531005354;117,793118501758
"438";"275+";282;26024;2216;79,6431468670523;38,475486006438;8,1541221286383;162,813426133564
"439";"150-210";186;27414;1624;75,3310680538561;38,6642995515598;6,24729757877622;149,639761706867
"440";"240-275";254;27587;3005;92,2053482055153;33,5767420311;14,1742231815399;171,449241409341
"441";"275+";375;24282;1815;74,5173647363069;33,7610266722511;3,41097781211483;140,928172914964
"442";"275+";348;27811;1159;89,7114489140797;31,9007414514878;29,3659515724752;156,897682707898
"443";"275+";282;35591;1504;98,8427136855962;33,2524856639815;16,3842000151393;160,523575651439
"444";"275+";286;27704;1268;82,4692734706774;37,9012575880305;6,62704364032418;147,621328095477
"445";"275+";302;30196;1592;98,488262895653;27,5504597888555;33,4380052035593;155,23261339791
"446";"275+";412;37949;1191;105,723997501769;26,1722065874313;50,7414320704719;156,360147145557
"447";"150-210";203;23483;1088;86,511984695126;23,5418456792864;31,1280312524316;125,024057650586
"448";"275+";280;28926;1474;81,1783850560135;30,8286164947517;11,2543971733173;143,200547727914
"449";"275+";372;32278;1583;102,82739425712;23,7198571289912;27,1359480458376;141,244923695603
"450";"150-210";183;30560;1723;103,755201762853;20,7384154481706;50,5752081720439;157,223418719272
"451";"240-275";246;22567;1899;77,887028786794;37,0702089807402;0,437968968939168;133,759747170853
"452";"275+";300;21179;1802;79,6761856049847;17,4459885390848;30,5253661940142;123,866214307056
"453";"240-275";254;27166;1374;98,3012765195028;27,4144349138477;37,8602723689285;142,490301790999
"454";"150-210";203;20378;1271;89,1253836750719;16,4430776050411;56,3684496852315;129,440164446141
"455";"150-210";206;27631;2185;99,5593054641554;22,8136758530172;50,6811983322893;143,542665810118
"456";"240-275";240;23013;1086;83,6337625225234;31,3045775377112;13,4451025534136;131,874881651755
"457";"275+";281;30322;2278;83,7245001047911;37,7370941683644;4,17221030803272;159,644947250381
"458";"275+";316;30026;2717;80,4694901162865;41,81399284827;1,18066382749195;163,766069468665
"459";"150-210";208;24260;995;79,9898558306741;30,240214968959;15,3672823831752;128,417889613828
"460";"150-210";205;18686;1907;70,9913781068667;27,7300732876222;8,54083266734383;132,733412231036
"461";"150-210";197;24659;1359;79,4461457078277;34,7347458516536;5,54360638653541;144,682482543644
"462";"210-240";210;27828;2912;175,432829941954;80,3655266233063;28,8700310180656;296,515703601332
"463";"150-210";204;23788;1601;76,8325287585202;41,4133573096134;0,644911775777527;164,060198793386
"464";"275+";294;11151;1076;58,3433939552509;32,2603887939437;8,82816597543622;120,530355620541
"465";"275+";359;32800;1767;77,2312480307173;42,669771181211;2,11514807887362;175,387497732117
"466";"210-240";231;22251;1450;82,7703568562885;31,0211700904079;0,787749545234174;128,737395892065
"467";"210-240";226;29963;1906;75,9300803796687;43,3320197813303;0,412786595021104;154,890454415898
"468";"210-240";217;19476;1520;73,4469256709517;22,9307219898245;25,3092877394743;124,229926022532
"469";"150-210";207;31554;2475;105,219147036442;32,3993649983387;30,1916257400975;182,685458340484
"470";"240-275";257;32560;1461;88,7285005567047;40,1362270044589;11,7505321605118;174,331372691045
"471";"210-240";213;18600;3211;74,1012945526933;31,3296838513856;6,30561624886093;142,688148740474
"472";"240-275";274;26417;1983;92,0983799117579;25,4870164667577;27,2532223760428;143,253378193559
"473";"210-240";210;29416;1675;103,353378828319;33,4970128289576;35,7687926793645;167,937132759822
"474";"275+";288;24348;1854;105,695803837111;22,2763865077968;66,6354781458283;158,784609833231
"475";"275+";300;28616;1828;95,3805930643126;27,0401780612872;30,4042657723823;143,381937460229
"476";"240-275";270;23498;1403;81,754272764465;20,1819879148299;25,870414592664;122,384023755777
"477";"275+";297;18758;1653;59,4832623267879;31,0458798725235;0,243711320360884;121,351781188026
"478";"240-275";259;21837;1123;87,5719853396651;18,6514360641157;33,5508636648581;122,216833163036
"479";"240-275";257;20669;1733;87,6081593724328;20,7298620582972;36,9586116068655;155,660052905619
"480";"240-275";244;19886;785;84,7287013605078;12,7244168974983;60,0201140234415;119,380086991883
"481";"210-240";230;16629;787;72,7116453965925;17,3330066689754;31,6992942670293;117,338015719597
"482";"240-275";248;27234;1586;87,017959347395;31,5666365824403;4,33064525895281;143,782961829873
"483";"210-240";235;25108;1258;84,2392501067817;36,436611252861;8,36458600250359;139,028955831958
"484";"210-240";223;27182;1950;70,1021071171754;38,8525569600548;0,731041065050578;138,382335690995
"485";"150-210";207;25444;1958;71,7206860235984;35,1760376499428;0,589740816310112;155,574422414658
"486";"150-210";192;15882;1690;66,7523899017142;35,9559096525629;9,48667068185825;162,678156860233
"487";"210-240";223;12583;963;65,5428709429884;21,0491807163397;13,1035768943724;113,920449597344
"488";"275+";307;13445;1042;62,1038503419138;22,3690025891513;8,9926689433162;109,066535516537
"489";"240-275";255;32171;2556;81,8894520104175;41,4184311908029;1,4278919279371;175,049060153568
"490";"240-275";251;16525;1293;75,4099486714555;30,3959833046656;2,28110119844044;137,452473753683
"491";"150-210";209;26306;1777;73,7679574995926;44,6581244463763;1,5840781798746;144,286980403368
"492";"150-210";152;22080;1362;83,0549349682401;37,4932926463064;14,3303311343782;183,468495352463
"493";"150-210";197;18267;2111;58,4462757676814;30,4810677015541;0,764491563184111;119,736473961605
"494";"240-275";248;17695;1098;70,1417782218821;24,7137394859359;0,913622509152413;111,187318385873
"495";"210-240";215;23165;944;84,3325742604881;34,2647911395846;13,4141696514498;138,850392411623
"496";"240-275";249;28921;1244;100,144800049368;35,3512136503449;21,0294451993931;160,312826048384
"497";"210-240";238;30429;1752;93,1772666194052;20,3177450290908;51,0560075077795;147,692692533343
"498";"150-210";206;9031;1435;61,065556636562;31,42470204635;9,90154522272739;122,193293091492
"499";"275+";276;27548;1271;81,1039899039359;32,2696630332439;29,527283144085;161,253163428825
"500";"210-240";226;29418;1414;98,7735749482139;26,5986965996411;31,5110652400745;148,62852363792
"501";"240-275";240;17547;1138;81,8123871032525;25,7203915225618;15,3887428195966;126,055556054646
"502";"240-275";242;23513;1110;95,0173609840587;19,4909342059036;57,0340115131322;136,776582148535
"503";"240-275";273;17203;919;78,8136909546483;14,828590476092;44,3617695814707;119,264189989671
"504";"210-240";235;24607;1812;82,7456659113297;42,0858234797556;6,33624083710152;175,574421623765
"505";"210-240";235;20690;1056;80,0820372176168;17,4941057163086;37,4641963013392;117,97880242945
"506";"210-240";219;16533;1313;62,0138071247594;33,028968642919;3,69756487180234;123,006189720335
"507";"210-240";232;27660;1301;91,1287456817815;24,3541692129382;23,2354096490588;141,77194617675
"508";"240-275";266;20904;1430;80,294178781887;27,4338989640765;29,7598222506821;143,728661509364
"509";"150-210";195;24787;1496;79,1966490926749;32,6048202814448;3,00439011357233;137,224267613227
"510";"275+";510;29805;1945;94,651546151467;38,7363530837777;3,9674533841617;159,171004120347
"511";"275+";415;25324;2343;91,2949081549965;24,9458886783245;29,5989987503429;142,693046756245
"512";"275+";380;16677;1362;71,1627954600029;20,6051379054744;7,31542053014205;117,22689053733
"513";"275+";698;42143;1731;142,430631644298;44,4257087265263;60,4193543400366;243,27880734164
